entity,year,value
China,2019,3900000
China,2021,4600000
China,2023,5200000
China,2025,5800000
United States,2019,3600000
United States,2021,4000000
United States,2023,4200000
United States,2025,4400000
India,2019,2200000
India,2021,2800000
India,2023,3300000
India,2025,3850000
Germany,2019,750000
Germany,2021,820000
Germany,2023,870000
Germany,2025,901000
United Kingdom,2019,720000
United Kingdom,2021,790000
United Kingdom,2023,820000
United Kingdom,2025,849000
France,2019,430000
France,2021,480000
France,2023,510000
France,2025,533000
Brazil,2019,380000
Brazil,2021,450000
Brazil,2023,500000
Brazil,2025,530000
Poland,2019,300000
Poland,2021,360000
Poland,2023,400000
Poland,2025,430000
Canada,2019,270000
Canada,2021,320000
Canada,2023,350000
Canada,2025,375000
Ukraine,2019,200000
Ukraine,2021,250000
Ukraine,2023,280000
Ukraine,2025,300000
